{
  "bounds": [
    [40.768113, -73.981398],
    [40.764401, -73.973078],
    [40.796925, -73.949474],
    [40.800586, -73.958245],
    [40.768113, -73.981398]
  ],
  "location": [40.777285, -73.969725, 0]
}
