{
  "bounds": [
    [28.545664, -81.375949],
    [28.542196, -81.375885],
    [28.542281, -81.369856],
    [28.545730, -81.369931],
    [28.545664, -81.375949]
  ],
  "location": [28.544891, -81.375102, 0]
}
