{
  "bounds": [
    [43.086218, -79.070324],
    [43.089249, -79.066788],
    [43.087984, -79.064767],
    [43.085111, -79.064767],
    [43.083213, -79.062710],
    [43.082765, -79.063107],
    [43.086218, -79.070324]
  ],
  "location": [43.086798, -79.066643, 0]
}
