{
  "bounds": [
    [40.781271,-73.963806],
    [40.778666,-73.9658],
    [40.777461,-73.963228],
    [40.780309,-73.961363],
    [40.781271,-73.963806]
  ],
  "location": [40.779399, -73.963447, 0]
}
